Store ID,SKU,Product Name,Price,Date,Currency
S0001,SKU-00001,Whole Milk 1L,1.29,2026-10-01,USD
S0001,SKU-00002,Sourdough Bread,3.49,2026-10-01,USD
S0001,SKU-00003,Free Range Eggs 12pk,4.99,2026-10-01,USD
S0002,SKU-00001,Whole Milk 1L,1.35,2026-10-01,USD
S0002,SKU-00002,Sourdough Bread,3.59,2026-10-01,USD
S1001,SKU-00001,Whole Milk 1L,1.09,2026-10-01,GBP
S1001,SKU-00004,Bananas 1kg,0.89,2026-10-01,GBP
S2001,SKU-00001,Whole Milk 1L,1.19,2026-10-01,EUR
S2001,SKU-00005,Coffee Beans 500g,8.75,2026-10-01,EUR
S3001,SKU-00001,Whole Milk 1L,68.00,2026-10-01,INR
S3001,SKU-00006,Basmati Rice 5kg,649.00,2026-10-01,INR
S0003,,Missing SKU Row,2.00,2026-10-01,USD
S0003,SKU-00007,Invalid Price Row,abc,2026-10-01,USD
S0003,SKU-00008,Invalid Date Row,2.50,01-10-2026,USD
